row_index,feature,shap_value
0,recency,0.06464538623031414
1,recency,0.05984260865005306
2,recency,0.05984260865005306
3,recency,0.055039831069791975
4,recency,0.05984260865005306
5,recency,0.06464538623031414
6,recency,0.0502370534895309
7,recency,0.05984260865005306
8,recency,0.05984260865005306
9,recency,-0.1178601618196071
10,recency,0.05984260865005306
11,recency,0.055039831069791975
12,recency,0.06464538623031414
13,recency,0.02142038800796442
14,recency,-0.01700183263412432
15,recency,0.0502370534895309
16,recency,0.02142038800796442
17,recency,0.0502370534895309
18,recency,0.05984260865005306
19,recency,0.0262231655882255
20,recency,0.05984260865005306
21,recency,0.0262231655882255
22,recency,0.0502370534895309
23,recency,0.045434275909269815
24,recency,0.05984260865005306
25,recency,-0.03621294295516864
26,recency,0.0502370534895309
27,recency,0.05984260865005306
28,recency,0.02142038800796442
29,recency,0.05984260865005306
30,recency,0.055039831069791975
31,recency,0.06464538623031414
32,recency,0.0502370534895309
33,recency,0.0262231655882255
34,recency,0.055039831069791975
35,recency,0.0502370534895309
36,recency,0.05984260865005306
37,recency,0.05984260865005306
38,recency,0.03102594316848658
39,recency,0.055039831069791975
40,recency,0.0502370534895309
41,recency,0.05984260865005306
42,recency,0.055039831069791975
43,recency,0.05984260865005306
44,recency,0.0262231655882255
45,recency,-0.01219905505386324
46,recency,0.045434275909269815
47,recency,0.06464538623031414
48,recency,-0.007396277473602161
49,recency,0.05984260865005306
50,recency,0.045434275909269815
51,recency,0.01661761042770334
52,recency,0.0262231655882255
53,recency,0.05984260865005306
54,recency,0.055039831069791975
55,recency,0.05984260865005306
56,recency,0.055039831069791975
57,recency,0.055039831069791975
58,recency,0.0502370534895309
59,recency,0.01661761042770334
60,recency,0.03102594316848658
61,recency,0.055039831069791975
62,recency,0.06464538623031414
63,recency,0.04063149832900874
64,recency,0.0262231655882255
65,recency,0.01661761042770334
66,recency,0.05984260865005306
67,recency,0.06464538623031414
68,recency,0.05984260865005306
69,recency,0.06464538623031414
70,recency,0.045434275909269815
71,recency,0.01661761042770334
72,recency,0.01661761042770334
73,recency,0.06464538623031414
74,recency,0.0502370534895309
75,recency,0.06464538623031414
76,recency,0.03102594316848658
77,recency,0.045434275909269815
78,recency,0.03102594316848658
79,recency,0.06464538623031414
80,recency,-0.03621294295516864
81,recency,0.055039831069791975
82,recency,0.05984260865005306
83,recency,0.055039831069791975
84,recency,0.045434275909269815
85,recency,-0.0025934998933410816
86,recency,-0.1178601618196071
87,recency,0.06464538623031414
88,recency,0.055039831069791975
89,recency,0.04063149832900874
90,recency,0.045434275909269815
91,recency,0.03102594316848658
92,recency,0.0502370534895309
93,recency,0.03102594316848658
94,recency,0.007012055267181182
95,recency,-0.0025934998933410816
96,recency,-0.0025934998933410816
97,recency,-0.05062127569595187
98,recency,-0.0794379411775184
99,recency,0.06464538623031414
100,recency,0.05984260865005306
101,recency,0.055039831069791975
102,recency,0.05984260865005306
103,recency,0.04063149832900874
104,recency,0.01661761042770334
105,recency,0.007012055267181182
106,recency,-0.03621294295516864
107,recency,0.05984260865005306
108,recency,0.05984260865005306
109,recency,0.055039831069791975
110,recency,0.055039831069791975
111,recency,0.055039831069791975
112,recency,0.0502370534895309
113,recency,0.055039831069791975
114,recency,0.045434275909269815
115,recency,0.045434275909269815
116,recency,0.0262231655882255
117,recency,0.011814832847442261
118,recency,0.011814832847442261
119,recency,0.011814832847442261
120,recency,-0.01700183263412432
121,recency,0.011814832847442261
122,recency,-0.045818498115690796
123,recency,0.06464538623031414
124,recency,0.055039831069791975
125,recency,0.045434275909269815
126,recency,0.045434275909269815
127,recency,0.03102594316848658
128,recency,0.02142038800796442
129,recency,0.0262231655882255
130,recency,0.03102594316848658
131,recency,0.01661761042770334
132,recency,0.045434275909269815
133,recency,-0.02660738779464648
134,recency,-0.02660738779464648
135,recency,-0.02660738779464648
136,recency,-0.045818498115690796
137,recency,-0.045818498115690796
138,recency,-0.09384627391830169
139,recency,0.05984260865005306
140,recency,0.05984260865005306
141,recency,0.05984260865005306
142,recency,0.05984260865005306
143,recency,0.0502370534895309
144,recency,0.055039831069791975
145,recency,0.05984260865005306
146,recency,0.045434275909269815
147,recency,0.0262231655882255
148,recency,0.011814832847442261
149,recency,-0.0025934998933410816
150,recency,-0.06983238601699625
151,recency,0.055039831069791975
152,recency,0.0502370534895309
153,recency,0.045434275909269815
154,recency,0.045434275909269815
155,recency,-0.13707127214065146
156,recency,0.03102594316848658
157,recency,0.0262231655882255
158,recency,0.045434275909269815
159,recency,0.02142038800796442
160,recency,-0.34839348567213935
161,recency,-0.0218046102143854
162,recency,-0.04101572053542972
163,recency,-0.055424053276213005
164,recency,-0.03621294295516864
165,recency,-0.055424053276213005
166,recency,-0.08424071875777948
167,recency,-0.08424071875777948
168,recency,-0.11305738423934601
169,recency,0.05984260865005306
170,recency,0.055039831069791975
171,recency,0.055039831069791975
172,recency,0.0502370534895309
173,recency,-0.31957682019057276
174,recency,0.0502370534895309
175,recency,0.0502370534895309
176,recency,0.045434275909269815
177,recency,0.045434275909269815
178,recency,0.045434275909269815
179,recency,0.04063149832900874
180,recency,0.045434275909269815
181,recency,0.04063149832900874
182,recency,0.04063149832900874
183,recency,0.03102594316848658
184,recency,0.03102594316848658
185,recency,0.03102594316848658
186,recency,0.03102594316848658
187,recency,0.007012055267181182
188,recency,-0.007396277473602161
189,recency,-0.007396277473602161
190,recency,-0.01700183263412432
191,recency,-0.0218046102143854
192,recency,-0.04101572053542972
193,recency,-0.05062127569595187
194,recency,-0.055424053276213005
195,recency,-0.06022683085647409
196,recency,-0.10345182907882386
197,recency,0.06464538623031414
198,recency,0.05984260865005306
199,recency,0.05984260865005306
200,recency,0.05984260865005306
201,recency,0.055039831069791975
202,recency,0.055039831069791975
203,recency,0.055039831069791975
204,recency,0.0502370534895309
205,recency,0.0502370534895309
206,recency,0.0502370534895309
207,recency,0.045434275909269815
208,recency,0.045434275909269815
209,recency,0.045434275909269815
210,recency,0.045434275909269815
211,recency,0.0262231655882255
212,recency,0.02142038800796442
213,recency,0.02142038800796442
214,recency,0.011814832847442261
215,recency,0.01661761042770334
216,recency,-0.3628018184129226
217,recency,-0.007396277473602161
218,recency,-0.007396277473602161
219,recency,-0.04101572053542972
220,recency,-0.05062127569595187
221,recency,-0.08424071875777948
222,recency,-0.08904349633804062
223,recency,-1.4962573273545392
224,recency,0.06464538623031414
225,recency,0.05984260865005306
226,recency,0.055039831069791975
227,recency,0.055039831069791975
228,recency,0.0502370534895309
229,recency,0.0502370534895309
230,recency,0.045434275909269815
231,recency,0.0262231655882255
232,recency,0.02142038800796442
233,recency,0.02142038800796442
234,recency,0.01661761042770334
235,recency,0.01661761042770334
236,recency,0.011814832847442261
237,recency,0.007012055267181182
238,recency,-0.007396277473602161
239,recency,-0.007396277473602161
240,recency,-0.007396277473602161
241,recency,-0.01219905505386324
242,recency,-0.01700183263412432
243,recency,-0.01700183263412432
244,recency,-0.03621294295516864
245,recency,-0.045818498115690796
246,recency,-0.055424053276213005
247,recency,-0.07463516359725733
248,recency,-0.07463516359725733
249,recency,-0.0794379411775184
250,recency,-0.11305738423934601
251,recency,0.06464538623031414
252,recency,0.06464538623031414
253,recency,0.05984260865005306
254,recency,0.05984260865005306
255,recency,0.05984260865005306
256,recency,0.05984260865005306
257,recency,-0.12746571698012932
258,recency,0.055039831069791975
259,recency,0.055039831069791975
260,recency,0.055039831069791975
261,recency,0.0502370534895309
262,recency,0.0502370534895309
263,recency,-0.13707127214065146
264,recency,0.045434275909269815
265,recency,0.04063149832900874
266,recency,0.03102594316848658
267,recency,0.03102594316848658
268,recency,0.0262231655882255
269,recency,0.0262231655882255
270,recency,0.0262231655882255
271,recency,0.02142038800796442
272,recency,0.02142038800796442
273,recency,0.01661761042770334
274,recency,0.02142038800796442
275,recency,0.02142038800796442
276,recency,0.01661761042770334
277,recency,0.01661761042770334
278,recency,0.01661761042770334
279,recency,0.007012055267181182
280,recency,-0.007396277473602161
281,recency,-0.01219905505386324
282,recency,-0.01219905505386324
283,recency,-0.01219905505386324
284,recency,-0.01219905505386324
285,recency,-0.01700183263412432
286,recency,-0.01700183263412432
287,recency,-0.01700183263412432
288,recency,-0.02660738779464648
289,recency,-0.02660738779464648
290,recency,-0.02660738779464648
291,recency,-0.02660738779464648
292,recency,-0.03621294295516864
293,recency,-0.04101572053542972
294,recency,-0.04101572053542972
295,recency,-0.045818498115690796
296,recency,-0.045818498115690796
297,recency,-0.055424053276213005
298,recency,-0.06022683085647409
299,recency,-0.2523379340669175
300,recency,-0.06983238601699625
301,recency,-0.06983238601699625
302,recency,-0.07463516359725733
303,recency,-0.0794379411775184
304,recency,-0.08424071875777948
305,recency,-0.2859573771287452
306,recency,0.06464538623031414
307,recency,0.06464538623031414
308,recency,0.055039831069791975
309,recency,0.05984260865005306
310,recency,0.05984260865005306
311,recency,0.055039831069791975
312,recency,0.055039831069791975
313,recency,0.055039831069791975
314,recency,0.0502370534895309
315,recency,0.0502370534895309
316,recency,0.0502370534895309
317,recency,0.045434275909269815
318,recency,0.045434275909269815
319,recency,0.04063149832900874
320,recency,-0.14187404972091255
321,recency,0.04063149832900874
322,recency,-0.14667682730117362
323,recency,0.0262231655882255
324,recency,0.0262231655882255
325,recency,0.0262231655882255
326,recency,-0.16108516004195692
327,recency,0.02142038800796442
328,recency,0.01661761042770334
329,recency,0.01661761042770334
330,recency,0.01661761042770334
331,recency,0.011814832847442261
332,recency,0.011814832847442261
333,recency,-0.17549349278274015
334,recency,-0.17549349278274015
335,recency,0.007012055267181182
336,recency,0.007012055267181182
337,recency,0.007012055267181182
338,recency,-0.18029627036300122
339,recency,-0.0025934998933410816
340,recency,-0.007396277473602161
341,recency,-0.01700183263412432
342,recency,-0.01700183263412432
343,recency,-0.21871849100508992
344,recency,-0.04101572053542972
345,recency,-0.04101572053542972
346,recency,-0.045818498115690796
347,recency,-0.045818498115690796
348,recency,-0.06022683085647409
349,recency,-0.06022683085647409
350,recency,-0.07463516359725733
351,recency,-0.2523379340669175
352,recency,-0.06983238601699625
353,recency,-0.06983238601699625
354,recency,-0.0794379411775184
355,recency,-0.08904349633804062
356,recency,-0.2859573771287452
357,recency,-0.10825460665908493
358,recency,-0.11305738423934601
359,recency,-0.48287125791944974
360,recency,0.06464538623031414
361,recency,0.05984260865005306
362,recency,0.055039831069791975
363,recency,0.05984260865005306
364,recency,-0.12746571698012932
365,recency,0.055039831069791975
366,recency,0.055039831069791975
367,recency,0.055039831069791975
368,recency,0.0502370534895309
369,recency,0.0502370534895309
370,recency,0.0502370534895309
371,recency,0.0502370534895309
372,recency,0.011814832847442261
373,recency,0.045434275909269815
374,recency,0.045434275909269815
375,recency,0.045434275909269815
376,recency,0.04063149832900874
377,recency,-0.5116879234010162
378,recency,0.04063149832900874
379,recency,0.04063149832900874
380,recency,0.02142038800796442
381,recency,0.03102594316848658
382,recency,0.03102594316848658
383,recency,0.03102594316848658
384,recency,0.0262231655882255
385,recency,0.0262231655882255
386,recency,0.0262231655882255
387,recency,0.0262231655882255
388,recency,0.0262231655882255
389,recency,0.0262231655882255
390,recency,0.02142038800796442
391,recency,0.0262231655882255
392,recency,0.01661761042770334
393,recency,0.01661761042770334
394,recency,-0.17069071520247908
395,recency,0.011814832847442261
396,recency,0.007012055267181182
397,recency,0.007012055267181182
398,recency,-0.007396277473602161
399,recency,-0.007396277473602161
400,recency,-0.007396277473602161
401,recency,-0.01219905505386324
402,recency,-0.01219905505386324
403,recency,-0.0218046102143854
404,recency,-0.02660738779464648
405,recency,-0.02660738779464648
406,recency,-0.04101572053542972
407,recency,-0.03621294295516864
408,recency,-0.03621294295516864
409,recency,-0.045818498115690796
410,recency,-0.04101572053542972
411,recency,-0.4108295942155334
412,recency,-0.04101572053542972
413,recency,-0.055424053276213005
414,recency,-0.06983238601699625
415,recency,-0.06983238601699625
416,recency,-0.07463516359725733
417,recency,-0.08424071875777948
418,recency,-0.08424071875777948
419,recency,-0.10825460665908493
420,recency,0.055039831069791975
421,recency,-0.11305738423934601
422,recency,0.06464538623031414
423,recency,0.05984260865005306
424,recency,0.06464538623031414
425,recency,0.05984260865005306
426,recency,0.05984260865005306
427,recency,0.05984260865005306
428,recency,0.05984260865005306
429,recency,0.055039831069791975
430,recency,0.055039831069791975
431,recency,0.055039831069791975
432,recency,-0.12746571698012932
433,recency,0.0502370534895309
434,recency,0.055039831069791975
435,recency,0.0502370534895309
436,recency,0.0502370534895309
437,recency,-0.13707127214065146
438,recency,-0.13707127214065146
439,recency,0.0502370534895309
440,recency,0.045434275909269815
441,recency,0.045434275909269815
442,recency,-0.14187404972091255
443,recency,0.04063149832900874
444,recency,0.045434275909269815
445,recency,0.045434275909269815
446,recency,0.04063149832900874
447,recency,0.03102594316848658
448,recency,0.04063149832900874
449,recency,0.03102594316848658
450,recency,-0.15628238246169585
451,recency,0.0262231655882255
452,recency,0.0262231655882255
453,recency,0.0262231655882255
454,recency,0.02142038800796442
455,recency,0.02142038800796442
456,recency,0.0262231655882255
457,recency,0.0262231655882255
458,recency,0.02142038800796442
459,recency,0.02142038800796442
460,recency,0.01661761042770334
461,recency,0.02142038800796442
462,recency,0.02142038800796442
463,recency,0.01661761042770334
464,recency,0.02142038800796442
465,recency,-0.718207359352243
466,recency,0.01661761042770334
467,recency,0.007012055267181182
468,recency,0.007012055267181182
469,recency,-0.18029627036300122
470,recency,-0.007396277473602161
471,recency,-0.0025934998933410816
472,recency,-0.0025934998933410816
473,recency,-0.007396277473602161
474,recency,-0.18990182552352344
475,recency,-0.01700183263412432
476,recency,-0.01700183263412432
477,recency,-0.01219905505386324
478,recency,-0.01700183263412432
479,recency,-0.01700183263412432
480,recency,-0.01700183263412432
481,recency,-0.0218046102143854
482,recency,-0.0218046102143854
483,recency,-0.0218046102143854
484,recency,-0.02660738779464648
485,recency,-0.20911293584456775
486,recency,-0.04101572053542972
487,recency,-0.21391571342482885
488,recency,-0.03621294295516864
489,recency,-0.22832404616561214
490,recency,-0.045818498115690796
491,recency,-0.045818498115690796
492,recency,-0.05062127569595187
493,recency,-0.05062127569595187
494,recency,-0.055424053276213005
495,recency,-0.06983238601699625
496,recency,-0.0794379411775184
497,recency,-0.0794379411775184
498,recency,-0.09384627391830169
499,recency,-0.2715490443879619
0,frequency,32.56477244014729
1,frequency,32.75019991105121
2,frequency,19.213994535064696
3,frequency,14.39288029156265
4,frequency,13.65117040794695
5,frequency,13.094887995235174
6,frequency,12.353178111619474
7,frequency,10.498903402580227
8,frequency,8.088346280829203
9,frequency,8.088346280829203
10,frequency,7.346636397213504
11,frequency,6.790353984501729
12,frequency,7.346636397213504
13,frequency,6.975781455405654
14,frequency,6.234071571789955
15,frequency,6.04864410088603
16,frequency,5.492361688174255
17,frequency,5.30693421727033
18,frequency,5.121506746366404
19,frequency,5.121506746366404
20,frequency,4.565224333654631
21,frequency,5.121506746366404
22,frequency,4.565224333654631
23,frequency,4.194369391846781
24,frequency,4.008941920942855
25,frequency,4.008941920942855
26,frequency,3.8235144500389313
27,frequency,3.45265950823108
28,frequency,3.45265950823108
29,frequency,3.267232037327156
30,frequency,3.267232037327156
31,frequency,3.267232037327156
32,frequency,3.081804566423232
33,frequency,3.081804566423232
34,frequency,2.8963770955193064
35,frequency,2.8963770955193064
36,frequency,2.525522153711457
37,frequency,2.525522153711457
38,frequency,2.525522153711457
39,frequency,2.525522153711457
40,frequency,2.340094682807532
41,frequency,2.1546672119036065
42,frequency,2.340094682807532
43,frequency,2.1546672119036065
44,frequency,2.1546672119036065
45,frequency,2.1546672119036065
46,frequency,2.1546672119036065
47,frequency,1.9692397409996818
48,frequency,1.9692397409996818
49,frequency,1.7838122700957568
50,frequency,1.7838122700957568
51,frequency,1.7838122700957568
52,frequency,1.7838122700957568
53,frequency,1.598384799191832
54,frequency,1.598384799191832
55,frequency,1.598384799191832
56,frequency,1.598384799191832
57,frequency,1.598384799191832
58,frequency,1.598384799191832
59,frequency,1.598384799191832
60,frequency,1.598384799191832
61,frequency,1.412957328287907
62,frequency,1.412957328287907
63,frequency,1.412957328287907
64,frequency,1.412957328287907
65,frequency,1.412957328287907
66,frequency,1.2275298573839823
67,frequency,1.2275298573839823
68,frequency,1.2275298573839823
69,frequency,1.2275298573839823
70,frequency,1.2275298573839823
71,frequency,1.2275298573839823
72,frequency,1.2275298573839823
73,frequency,1.0421023864800574
74,frequency,1.0421023864800574
75,frequency,1.0421023864800574
76,frequency,1.0421023864800574
77,frequency,1.0421023864800574
78,frequency,1.0421023864800574
79,frequency,-2.6664470315984397
80,frequency,1.0421023864800574
81,frequency,0.8566749155761326
82,frequency,0.8566749155761326
83,frequency,0.8566749155761326
84,frequency,0.8566749155761326
85,frequency,0.8566749155761326
86,frequency,0.8566749155761326
87,frequency,0.6712474446722078
88,frequency,0.6712474446722078
89,frequency,0.6712474446722078
90,frequency,0.6712474446722078
91,frequency,0.6712474446722078
92,frequency,0.6712474446722078
93,frequency,0.6712474446722078
94,frequency,0.6712474446722078
95,frequency,0.6712474446722078
96,frequency,0.6712474446722078
97,frequency,0.8566749155761326
98,frequency,0.6712474446722078
99,frequency,0.4858199737682832
100,frequency,0.4858199737682832
101,frequency,0.4858199737682832
102,frequency,0.4858199737682832
103,frequency,0.4858199737682832
104,frequency,0.4858199737682832
105,frequency,0.4858199737682832
106,frequency,0.4858199737682832
107,frequency,0.30039250286435804
108,frequency,0.30039250286435804
109,frequency,0.30039250286435804
110,frequency,0.30039250286435804
111,frequency,0.30039250286435804
112,frequency,0.30039250286435804
113,frequency,0.30039250286435804
114,frequency,0.30039250286435804
115,frequency,0.30039250286435804
116,frequency,0.30039250286435804
117,frequency,0.30039250286435804
118,frequency,0.30039250286435804
119,frequency,0.30039250286435804
120,frequency,0.30039250286435804
121,frequency,0.30039250286435804
122,frequency,0.30039250286435804
123,frequency,0.11496503196043316
124,frequency,0.11496503196043316
125,frequency,0.11496503196043316
126,frequency,0.11496503196043316
127,frequency,0.11496503196043316
128,frequency,0.11496503196043316
129,frequency,0.11496503196043316
130,frequency,0.11496503196043316
131,frequency,0.11496503196043316
132,frequency,0.11496503196043316
133,frequency,0.11496503196043316
134,frequency,0.11496503196043316
135,frequency,0.11496503196043316
136,frequency,0.11496503196043316
137,frequency,0.11496503196043316
138,frequency,0.11496503196043316
139,frequency,-0.07046243894349169
140,frequency,-0.07046243894349169
141,frequency,-0.07046243894349169
142,frequency,-0.07046243894349169
143,frequency,-0.07046243894349169
144,frequency,-0.07046243894349169
145,frequency,-0.07046243894349169
146,frequency,-0.07046243894349169
147,frequency,-0.07046243894349169
148,frequency,-0.07046243894349169
149,frequency,-0.07046243894349169
150,frequency,-0.07046243894349169
151,frequency,-0.25588990984741655
152,frequency,-0.25588990984741655
153,frequency,-0.25588990984741655
154,frequency,-0.25588990984741655
155,frequency,-0.07046243894349169
156,frequency,-0.25588990984741655
157,frequency,-0.25588990984741655
158,frequency,-0.25588990984741655
159,frequency,-0.25588990984741655
160,frequency,0.11496503196043316
161,frequency,-0.25588990984741655
162,frequency,-0.25588990984741655
163,frequency,-0.25588990984741655
164,frequency,-0.25588990984741655
165,frequency,-0.25588990984741655
166,frequency,-0.25588990984741655
167,frequency,-0.25588990984741655
168,frequency,-0.25588990984741655
169,frequency,-0.4413173807513414
170,frequency,-0.4413173807513414
171,frequency,-0.4413173807513414
172,frequency,-0.4413173807513414
173,frequency,-0.07046243894349169
174,frequency,-0.4413173807513414
175,frequency,-0.4413173807513414
176,frequency,-0.4413173807513414
177,frequency,-0.4413173807513414
178,frequency,-0.4413173807513414
179,frequency,-0.4413173807513414
180,frequency,-0.4413173807513414
181,frequency,-0.4413173807513414
182,frequency,-0.4413173807513414
183,frequency,-0.4413173807513414
184,frequency,-0.4413173807513414
185,frequency,-0.4413173807513414
186,frequency,-0.4413173807513414
187,frequency,-0.4413173807513414
188,frequency,-0.4413173807513414
189,frequency,-0.4413173807513414
190,frequency,-0.4413173807513414
191,frequency,-0.4413173807513414
192,frequency,-0.4413173807513414
193,frequency,-0.4413173807513414
194,frequency,-0.4413173807513414
195,frequency,-0.4413173807513414
196,frequency,-0.4413173807513414
197,frequency,-0.6267448516552663
198,frequency,-0.6267448516552663
199,frequency,-0.6267448516552663
200,frequency,-0.6267448516552663
201,frequency,-0.6267448516552663
202,frequency,-0.6267448516552663
203,frequency,-0.6267448516552663
204,frequency,-0.6267448516552663
205,frequency,-0.6267448516552663
206,frequency,-0.6267448516552663
207,frequency,-0.6267448516552663
208,frequency,-0.6267448516552663
209,frequency,-0.6267448516552663
210,frequency,-0.6267448516552663
211,frequency,-0.6267448516552663
212,frequency,-0.6267448516552663
213,frequency,-0.6267448516552663
214,frequency,-0.6267448516552663
215,frequency,-0.6267448516552663
216,frequency,-0.25588990984741655
217,frequency,-0.6267448516552663
218,frequency,-0.6267448516552663
219,frequency,-0.6267448516552663
220,frequency,-0.6267448516552663
221,frequency,-0.6267448516552663
222,frequency,-0.6267448516552663
223,frequency,-2.8518745025023646
224,frequency,-0.8121723225591911
225,frequency,-0.8121723225591911
226,frequency,-0.8121723225591911
227,frequency,-0.8121723225591911
228,frequency,-0.8121723225591911
229,frequency,-0.8121723225591911
230,frequency,-0.8121723225591911
231,frequency,-0.8121723225591911
232,frequency,-0.8121723225591911
233,frequency,-0.8121723225591911
234,frequency,-0.8121723225591911
235,frequency,-0.8121723225591911
236,frequency,-0.8121723225591911
237,frequency,-0.8121723225591911
238,frequency,-0.8121723225591911
239,frequency,-0.8121723225591911
240,frequency,-0.8121723225591911
241,frequency,-0.8121723225591911
242,frequency,-0.8121723225591911
243,frequency,-0.8121723225591911
244,frequency,-0.8121723225591911
245,frequency,-0.8121723225591911
246,frequency,-0.8121723225591911
247,frequency,-0.8121723225591911
248,frequency,-0.8121723225591911
249,frequency,-0.8121723225591911
250,frequency,-0.8121723225591911
251,frequency,-0.997599793463116
252,frequency,-0.997599793463116
253,frequency,-0.997599793463116
254,frequency,-0.997599793463116
255,frequency,-0.997599793463116
256,frequency,-0.997599793463116
257,frequency,-0.8121723225591911
258,frequency,-0.997599793463116
259,frequency,-0.997599793463116
260,frequency,-0.997599793463116
261,frequency,-0.997599793463116
262,frequency,-0.997599793463116
263,frequency,-0.8121723225591911
264,frequency,-0.997599793463116
265,frequency,-0.997599793463116
266,frequency,-0.997599793463116
267,frequency,-0.997599793463116
268,frequency,-0.997599793463116
269,frequency,-0.997599793463116
270,frequency,-0.997599793463116
271,frequency,-0.997599793463116
272,frequency,-0.997599793463116
273,frequency,-0.997599793463116
274,frequency,-0.997599793463116
275,frequency,-0.997599793463116
276,frequency,-0.997599793463116
277,frequency,-0.997599793463116
278,frequency,-0.997599793463116
279,frequency,-0.997599793463116
280,frequency,-0.997599793463116
281,frequency,-0.997599793463116
282,frequency,-0.997599793463116
283,frequency,-0.997599793463116
284,frequency,-0.997599793463116
285,frequency,-0.997599793463116
286,frequency,-0.997599793463116
287,frequency,-0.997599793463116
288,frequency,-0.997599793463116
289,frequency,-0.997599793463116
290,frequency,-0.997599793463116
291,frequency,-0.997599793463116
292,frequency,-0.997599793463116
293,frequency,-0.997599793463116
294,frequency,-0.997599793463116
295,frequency,-0.997599793463116
296,frequency,-0.997599793463116
297,frequency,-0.997599793463116
298,frequency,-0.997599793463116
299,frequency,-0.8121723225591911
300,frequency,-0.997599793463116
301,frequency,-0.997599793463116
302,frequency,-0.997599793463116
303,frequency,-0.997599793463116
304,frequency,-0.997599793463116
305,frequency,-0.8121723225591911
306,frequency,-1.1830272643670408
307,frequency,-1.1830272643670408
308,frequency,-1.1830272643670408
309,frequency,-1.1830272643670408
310,frequency,-1.1830272643670408
311,frequency,-1.1830272643670408
312,frequency,-1.1830272643670408
313,frequency,-1.1830272643670408
314,frequency,-1.1830272643670408
315,frequency,-1.1830272643670408
316,frequency,-1.1830272643670408
317,frequency,-1.1830272643670408
318,frequency,-1.1830272643670408
319,frequency,-1.1830272643670408
320,frequency,-0.997599793463116
321,frequency,-1.1830272643670408
322,frequency,-0.997599793463116
323,frequency,-1.1830272643670408
324,frequency,-1.1830272643670408
325,frequency,-1.1830272643670408
326,frequency,-0.997599793463116
327,frequency,-1.1830272643670408
328,frequency,-1.1830272643670408
329,frequency,-1.1830272643670408
330,frequency,-1.1830272643670408
331,frequency,-1.1830272643670408
332,frequency,-1.1830272643670408
333,frequency,-0.997599793463116
334,frequency,-0.997599793463116
335,frequency,-1.1830272643670408
336,frequency,-1.1830272643670408
337,frequency,-1.1830272643670408
338,frequency,-0.997599793463116
339,frequency,-1.1830272643670408
340,frequency,-1.1830272643670408
341,frequency,-1.1830272643670408
342,frequency,-1.1830272643670408
343,frequency,-0.997599793463116
344,frequency,-1.1830272643670408
345,frequency,-1.1830272643670408
346,frequency,-1.1830272643670408
347,frequency,-1.1830272643670408
348,frequency,-1.1830272643670408
349,frequency,-1.1830272643670408
350,frequency,-1.1830272643670408
351,frequency,-0.997599793463116
352,frequency,-1.1830272643670408
353,frequency,-1.1830272643670408
354,frequency,-1.1830272643670408
355,frequency,-1.1830272643670408
356,frequency,-0.997599793463116
357,frequency,-1.1830272643670408
358,frequency,-1.1830272643670408
359,frequency,-0.8121723225591911
360,frequency,-1.3684547352709657
361,frequency,-1.3684547352709657
362,frequency,-1.3684547352709657
363,frequency,-1.3684547352709657
364,frequency,-1.1830272643670408
365,frequency,-1.3684547352709657
366,frequency,-1.3684547352709657
367,frequency,-1.3684547352709657
368,frequency,-1.3684547352709657
369,frequency,-1.3684547352709657
370,frequency,-1.3684547352709657
371,frequency,-1.3684547352709657
372,frequency,-1.3684547352709657
373,frequency,-1.3684547352709657
374,frequency,-1.3684547352709657
375,frequency,-1.3684547352709657
376,frequency,-1.3684547352709657
377,frequency,-0.8121723225591911
378,frequency,-1.3684547352709657
379,frequency,-1.3684547352709657
380,frequency,-1.3684547352709657
381,frequency,-1.3684547352709657
382,frequency,-1.3684547352709657
383,frequency,-1.3684547352709657
384,frequency,-1.3684547352709657
385,frequency,-1.3684547352709657
386,frequency,-1.3684547352709657
387,frequency,-1.3684547352709657
388,frequency,-1.3684547352709657
389,frequency,-1.3684547352709657
390,frequency,-1.3684547352709657
391,frequency,-1.3684547352709657
392,frequency,-1.3684547352709657
393,frequency,-1.3684547352709657
394,frequency,-1.1830272643670408
395,frequency,-1.3684547352709657
396,frequency,-1.3684547352709657
397,frequency,-1.3684547352709657
398,frequency,-1.3684547352709657
399,frequency,-1.3684547352709657
400,frequency,-1.3684547352709657
401,frequency,-1.3684547352709657
402,frequency,-1.3684547352709657
403,frequency,-1.3684547352709657
404,frequency,-1.3684547352709657
405,frequency,-1.3684547352709657
406,frequency,-1.3684547352709657
407,frequency,-1.3684547352709657
408,frequency,-1.3684547352709657
409,frequency,-1.3684547352709657
410,frequency,-1.3684547352709657
411,frequency,-0.997599793463116
412,frequency,-1.3684547352709657
413,frequency,-1.3684547352709657
414,frequency,-1.3684547352709657
415,frequency,-1.3684547352709657
416,frequency,-1.3684547352709657
417,frequency,-1.3684547352709657
418,frequency,-1.3684547352709657
419,frequency,-1.3684547352709657
420,frequency,-1.5538822061748905
421,frequency,-1.3684547352709657
422,frequency,-1.5538822061748905
423,frequency,-1.5538822061748905
424,frequency,-1.5538822061748905
425,frequency,-1.5538822061748905
426,frequency,-1.5538822061748905
427,frequency,-1.5538822061748905
428,frequency,-1.5538822061748905
429,frequency,-1.5538822061748905
430,frequency,-1.5538822061748905
431,frequency,-1.5538822061748905
432,frequency,-1.3684547352709657
433,frequency,-1.5538822061748905
434,frequency,-1.5538822061748905
435,frequency,-1.5538822061748905
436,frequency,-1.5538822061748905
437,frequency,-1.3684547352709657
438,frequency,-1.3684547352709657
439,frequency,-1.5538822061748905
440,frequency,-1.5538822061748905
441,frequency,-1.5538822061748905
442,frequency,-1.3684547352709657
443,frequency,-1.5538822061748905
444,frequency,-1.5538822061748905
445,frequency,-1.5538822061748905
446,frequency,-1.5538822061748905
447,frequency,-1.5538822061748905
448,frequency,-1.5538822061748905
449,frequency,-1.5538822061748905
450,frequency,-1.3684547352709657
451,frequency,-1.5538822061748905
452,frequency,-1.5538822061748905
453,frequency,-1.5538822061748905
454,frequency,-1.5538822061748905
455,frequency,-1.5538822061748905
456,frequency,-1.5538822061748905
457,frequency,-1.5538822061748905
458,frequency,-1.5538822061748905
459,frequency,-1.5538822061748905
460,frequency,-1.5538822061748905
461,frequency,-1.5538822061748905
462,frequency,-1.5538822061748905
463,frequency,-1.5538822061748905
464,frequency,-1.5538822061748905
465,frequency,-0.8121723225591911
466,frequency,-1.5538822061748905
467,frequency,-1.5538822061748905
468,frequency,-1.5538822061748905
469,frequency,-1.3684547352709657
470,frequency,-1.5538822061748905
471,frequency,-1.5538822061748905
472,frequency,-1.5538822061748905
473,frequency,-1.5538822061748905
474,frequency,-1.3684547352709657
475,frequency,-1.5538822061748905
476,frequency,-1.5538822061748905
477,frequency,-1.5538822061748905
478,frequency,-1.5538822061748905
479,frequency,-1.5538822061748905
480,frequency,-1.5538822061748905
481,frequency,-1.5538822061748905
482,frequency,-1.5538822061748905
483,frequency,-1.5538822061748905
484,frequency,-1.5538822061748905
485,frequency,-1.3684547352709657
486,frequency,-1.5538822061748905
487,frequency,-1.3684547352709657
488,frequency,-1.5538822061748905
489,frequency,-1.3684547352709657
490,frequency,-1.5538822061748905
491,frequency,-1.5538822061748905
492,frequency,-1.5538822061748905
493,frequency,-1.5538822061748905
494,frequency,-1.5538822061748905
495,frequency,-1.5538822061748905
496,frequency,-1.5538822061748905
497,frequency,-1.5538822061748905
498,frequency,-1.5538822061748905
499,frequency,-1.3684547352709657
0,monetary,-0.07727667751326424
1,monetary,-0.527537166765574
2,monetary,-0.10960170907475436
3,monetary,-0.17710288276860292
4,monetary,0.007045898036960663
5,monetary,-0.19193924372997007
6,monetary,0.00967170088476817
7,monetary,-1.1161741422962659
8,monetary,-0.055703243533893755
9,monetary,-0.2655624409124199
10,monetary,-0.09829593560301307
11,monetary,0.021922646317028272
12,monetary,-0.9138891559091787
13,monetary,-0.4340691630147153
14,monetary,-0.08270270959978843
15,monetary,-0.2130680409242688
16,monetary,-0.025369147910825604
17,monetary,-0.09546443336803555
18,monetary,-0.1837976034534349
19,monetary,-0.16009543166976592
20,monetary,-0.01250231677279283
21,monetary,-0.7495774052317773
22,monetary,-0.12488128532136324
23,monetary,0.0225654987107531
24,monetary,0.029026926188184914
25,monetary,0.05044713084764116
26,monetary,0.01624939868653327
27,monetary,0.024169535842493924
28,monetary,-0.011138931200513522
29,monetary,0.03391655113296292
30,monetary,-0.00981823243195384
31,monetary,-0.0777587331909208
32,monetary,-0.005660930752555921
33,monetary,-0.01173604474676599
34,monetary,0.03808928026639859
35,monetary,0.029974188589630253
36,monetary,-0.022601738594655342
37,monetary,-0.027268229874936097
38,monetary,0.016585876058066662
39,monetary,-0.027547889062086564
40,monetary,0.008454186280341731
41,monetary,0.033121765492698275
42,monetary,-0.3108764271708704
43,monetary,-0.06541994743092813
44,monetary,-0.018477424073077984
45,monetary,0.024906917974916197
46,monetary,-0.2233365376082686
47,monetary,-0.015338877874812532
48,monetary,0.02985553516264072
49,monetary,-0.006319795923777923
50,monetary,-0.006610868918387202
51,monetary,0.04065170094531386
52,monetary,-0.014369080520179258
53,monetary,0.02282559137083129
54,monetary,0.030792010888905187
55,monetary,0.02013130567827084
56,monetary,0.003743377652418641
57,monetary,0.002588074569965583
58,monetary,0.004688800465848633
59,monetary,0.03368568283703754
60,monetary,-0.17946804944169134
61,monetary,0.033140579461037
62,monetary,-0.024675414184949174
63,monetary,0.01316461862889804
64,monetary,0.022722741677246278
65,monetary,0.036324613653863615
66,monetary,0.029800347522180474
67,monetary,0.012445548758992125
68,monetary,0.02098964072270183
69,monetary,0.005694553404418138
70,monetary,0.04063263612406395
71,monetary,0.021705240460669715
72,monetary,0.01185403759442274
73,monetary,0.03817737144704233
74,monetary,0.02827666693965525
75,monetary,-0.007324629068339756
76,monetary,0.04597826985255402
77,monetary,-0.05146165527633836
78,monetary,-0.05598938308791642
79,monetary,-0.6490294961509653
80,monetary,0.02366519606456061
81,monetary,0.028728703885606922
82,monetary,0.015956611530364238
83,monetary,0.012384716928030271
84,monetary,0.00788311962803375
85,monetary,0.002011071065426268
86,monetary,0.025064871691324393
87,monetary,-0.003344513161874052
88,monetary,0.02132289881520837
89,monetary,0.03672012507716206
90,monetary,0.023046634594401993
91,monetary,0.03365252844394286
92,monetary,-0.016407803938181607
93,monetary,0.008764491331475034
94,monetary,0.03699681583819685
95,monetary,0.029262936968789535
96,monetary,0.023719631146287307
97,monetary,-0.46691876982230746
98,monetary,0.011324821569463787
99,monetary,0.02285247444114639
100,monetary,0.03526241881027796
101,monetary,0.044409644790108525
102,monetary,4.1708477366022296e-05
103,monetary,0.019124507519238085
104,monetary,0.019247634489810386
105,monetary,0.025032720709874445
106,monetary,0.037166099744426806
107,monetary,0.03463286162084582
108,monetary,0.03270986501253588
109,monetary,0.040773197371963464
110,monetary,0.03780351699174268
111,monetary,0.03674153119224967
112,monetary,0.03411710803545368
113,monetary,0.0024233060161369126
114,monetary,0.027331996684958806
115,monetary,0.022124457484074947
116,monetary,0.0406883672791651
117,monetary,0.040495754052195125
118,monetary,0.03168743035537272
119,monetary,0.02764121470681032
120,monetary,0.024496815273950607
121,monetary,-0.08132042644153335
122,monetary,0.04064827262219436
123,monetary,0.03688347213116069
124,monetary,0.03802322233312041
125,monetary,0.032650496490222586
126,monetary,0.032257409978398904
127,monetary,0.0188084746599661
128,monetary,0.04666677747611415
129,monetary,0.027822079655773223
130,monetary,-0.008996229250825846
131,monetary,0.028709471829082893
132,monetary,-0.21711216613190468
133,monetary,0.02682523199555072
134,monetary,0.02314036996554735
135,monetary,-0.0006906984056511273
136,monetary,0.03222020012990677
137,monetary,0.029337565709866464
138,monetary,-0.0008766640304747589
139,monetary,0.04744613566234104
140,monetary,0.04290252049972138
141,monetary,0.03536129666610257
142,monetary,0.024599288688168842
143,monetary,0.04657567606053621
144,monetary,0.025396332004634127
145,monetary,-0.013013931285150451
146,monetary,0.03813531177560065
147,monetary,0.0166128009372003
148,monetary,0.03232175375011733
149,monetary,0.03230227084068212
150,monetary,0.04015614101927195
151,monetary,0.04122548517082631
152,monetary,0.02638523598933583
153,monetary,0.04083402920292532
154,monetary,0.02581655243968409
155,monetary,0.01270346736050673
156,monetary,0.038676568740296395
157,monetary,0.04226986945771798
158,monetary,-0.07806452288965281
159,monetary,0.03353596545787986
160,monetary,0.02525560352146049
161,monetary,0.03659219009245875
162,monetary,0.019270671148820685
163,monetary,0.007134909011612087
164,monetary,-0.1204968781397077
165,monetary,-0.05785585417357314
166,monetary,0.044864650162175855
167,monetary,0.026438207762413964
168,monetary,0.032773916122524595
169,monetary,0.03445145315724202
170,monetary,0.03717722089015592
171,monetary,0.028469781872447593
172,monetary,0.044756699792730135
173,monetary,0.04391467018752604
174,monetary,0.042129475445092594
175,monetary,0.025188416750081995
176,monetary,0.041054027206032774
177,monetary,0.028223026225480632
178,monetary,0.0134138409961583
179,monetary,0.04532998231242022
180,monetary,0.004402869955918605
181,monetary,0.042327565627290065
182,monetary,0.039865946009851806
183,monetary,0.045319571916606134
184,monetary,0.03828904280133727
185,monetary,0.03461852119608986
186,monetary,0.01500295237968374
187,monetary,0.03866749622667528
188,monetary,0.016812229001590743
189,monetary,-0.013941000027245565
190,monetary,0.04133774184858068
191,monetary,0.028122016119910966
192,monetary,0.036272854336522865
193,monetary,0.04196261645033741
194,monetary,0.0371911850355451
195,monetary,0.04711638951059105
196,monetary,0.029708660783143104
197,monetary,0.037747702219004475
198,monetary,0.0390869641029917
199,monetary,0.035747693766961366
200,monetary,0.030665748256943105
201,monetary,0.035864925694120864
202,monetary,0.033674979779493734
203,monetary,0.03364032026893196
204,monetary,0.043630788309704
205,monetary,0.03318180295610806
206,monetary,0.028877292426664286
207,monetary,0.043989215310965904
208,monetary,0.03839536262686031
209,monetary,0.024339196028090655
210,monetary,0.014282795480496031
211,monetary,0.0327644673295367
212,monetary,0.04868045741181672
213,monetary,0.035492952635655085
214,monetary,0.030214631104999105
215,monetary,-0.15576617031975207
216,monetary,0.029767987496637872
217,monetary,0.03475983500272292
218,monetary,0.02248451502925954
219,monetary,0.028562890111314992
220,monetary,0.039263313699553305
221,monetary,0.027370460798006858
222,monetary,0.03423902255028859
223,monetary,-0.2673613907561499
224,monetary,0.031724389350953675
225,monetary,0.038199530120863495
226,monetary,0.04233162108268752
227,monetary,0.043370904693718466
228,monetary,0.03157354313369566
229,monetary,0.0489132489133945
230,monetary,0.04289746163267919
231,monetary,0.035518372397321626
232,monetary,0.011581820376970713
233,monetary,0.045591747325239636
234,monetary,0.039021115213806176
235,monetary,0.047356163084863415
236,monetary,0.03930353378297964
237,monetary,0.046586379118080015
238,monetary,0.0091146401866679
239,monetary,0.010730509214052853
240,monetary,0.03788015255610907
241,monetary,0.0422436971373179
242,monetary,0.023616321555698466
243,monetary,0.03777504518632341
244,monetary,0.042281534118088
245,monetary,-0.023667445378997547
246,monetary,0.034982759623127496
247,monetary,0.0306658736833987
248,monetary,0.039835091101776306
249,monetary,0.03731556627067332
250,monetary,0.04502502879005882
251,monetary,0.036598837694605105
252,monetary,0.03865420102238258
253,monetary,0.035444997920800615
254,monetary,0.03909871238099876
255,monetary,0.041609959066032716
256,monetary,0.0432277931078886
257,monetary,0.04022056840862743
258,monetary,0.03692862565517362
259,monetary,0.040341354085362026
260,monetary,0.04877870813536338
261,monetary,0.03242656845817327
262,monetary,0.04679337457862447
263,monetary,-0.01836838667435045
264,monetary,0.04624538639414533
265,monetary,0.03482936306793913
266,monetary,0.040082808351569466
267,monetary,0.04394665393370186
268,monetary,0.022295037463679352
269,monetary,0.039448903045010156
270,monetary,0.04663115636272617
271,monetary,0.011497617416450303
272,monetary,0.034386733106156815
273,monetary,-0.004394876109815577
274,monetary,0.040093009703290904
275,monetary,0.045037487817980906
276,monetary,0.031265244905851815
277,monetary,0.041329965408334016
278,monetary,0.043340007976824434
279,monetary,0.03802752864142905
280,monetary,0.02683547515609069
281,monetary,0.022907662081606637
282,monetary,0.03820964785494787
283,monetary,0.040955734673667595
284,monetary,0.04235595381507227
285,monetary,0.03889786281677828
286,monetary,0.041893882752673285
287,monetary,0.04382975647709061
288,monetary,0.03571320149167371
289,monetary,0.04416058965812238
290,monetary,0.04500454246897888
291,monetary,0.04785130492272002
292,monetary,0.048211404276723144
293,monetary,0.031687095884824476
294,monetary,0.03986795283314127
295,monetary,0.02275518532042594
296,monetary,0.03753267946530216
297,monetary,0.0464497897079409
298,monetary,0.031396608213674626
299,monetary,0.039697331044718336
300,monetary,0.03892207012270744
301,monetary,0.04456676233014611
302,monetary,0.04582650384128834
303,monetary,0.03200229256772585
304,monetary,0.04207662909847006
305,monetary,0.048455902247489455
306,monetary,0.04011019312770694
307,monetary,0.0403318634835556
308,monetary,0.023632417950832704
309,monetary,0.047458134793259284
310,monetary,0.050222115786310056
311,monetary,0.03929019676986841
312,monetary,0.04416393436360482
313,monetary,0.04735595404077077
314,monetary,0.028818300183717765
315,monetary,0.03348387166999086
316,monetary,0.04599097973338729
317,monetary,0.04451956017402519
318,monetary,0.046601931998573355
319,monetary,0.03268239661876135
320,monetary,0.045380069277019756
321,monetary,0.04611929099745737
322,monetary,0.033476262465018315
323,monetary,0.03989713538847555
324,monetary,0.04518235537418906
325,monetary,0.04825597247727665
326,monetary,0.03951408299309919
327,monetary,0.045436260329124734
328,monetary,0.03796406285489976
329,monetary,0.04084201468726466
330,monetary,0.04921431421563256
331,monetary,0.038840542926572984
332,monetary,0.03922811067435063
333,monetary,0.036950867946631834
334,monetary,0.04092094973665022
335,monetary,0.03861903980599844
336,monetary,0.04206266495308088
337,monetary,0.04644167879714598
338,monetary,0.04472178942925717
339,monetary,0.04822122934907781
340,monetary,0.03970431311741293
341,monetary,0.03248928168596901
342,monetary,0.03311495065527781
343,monetary,0.021471111076898964
344,monetary,0.03986665675976682
345,monetary,0.04255763955566336
346,monetary,0.036596789062497116
347,monetary,0.044414703657150716
348,monetary,0.04132415398255827
349,monetary,0.04586392273387312
350,monetary,0.014854740117993146
351,monetary,0.04695555098570425
352,monetary,0.043105084225501605
353,monetary,0.0481619862532201
354,monetary,0.04379254662859848
355,monetary,0.030205265929648277
356,monetary,0.03345878637887256
357,monetary,0.0255580903235286
358,monetary,0.04137741841736612
359,monetary,0.03912266883401673
360,monetary,0.04661664870269609
361,monetary,0.041823727555179116
362,monetary,0.03167041416623081
363,monetary,0.04661965893763028
364,monetary,0.04735934055507174
365,monetary,0.04398315303227898
366,monetary,0.04498974214721908
367,monetary,0.047559437560558665
368,monetary,0.04007766586689022
369,monetary,0.04555859293214495
370,monetary,0.04629777284376403
371,monetary,0.047710200160179614
372,monetary,-0.05324588841594559
373,monetary,0.044395346174171096
374,monetary,0.04753819868074518
375,monetary,0.048359658347232264
376,monetary,0.04253058925007413
377,monetary,0.04108722340794598
378,monetary,0.0456843956671032
379,monetary,0.04781869404426624
380,monetary,0.0023624323763565235
381,monetary,0.03496515811052616
382,monetary,0.03878711125649101
383,monetary,0.04801373218271098
384,monetary,0.034923558336088324
385,monetary,0.04228124145635828
386,monetary,0.04282032436249043
387,monetary,0.04475678341036719
388,monetary,0.04540256242138916
389,monetary,0.04549847185109811
390,monetary,0.032560858383293215
391,monetary,0.047494508465380815
392,monetary,0.0258811470643137
393,monetary,0.04467550706714391
394,monetary,0.03816558136021673
395,monetary,0.04886667388955153
396,monetary,0.04730436195870414
397,monetary,0.04912325460887316
398,monetary,0.015801668048890237
399,monetary,0.026618612814373034
400,monetary,0.04496992476723563
401,monetary,0.03793993916660768
402,monetary,0.04011052759825518
403,monetary,0.048639944666660676
404,monetary,0.03722170547307237
405,monetary,0.04652262066982101
406,monetary,0.032602918054734885
407,monetary,0.047514869360005166
408,monetary,0.04816704512026229
409,monetary,0.02765467714637714
410,monetary,0.04381988959591741
411,monetary,0.04249705857761267
412,monetary,0.048517946534188706
413,monetary,0.02206910260834058
414,monetary,0.04478768012726122
415,monetary,0.04517863438933985
416,monetary,0.044813058080109235
417,monetary,0.044395764262356405
418,monetary,0.04752557241754897
419,monetary,0.04545900432640532
420,monetary,0.010704253276015702
421,monetary,0.05032120268622732
422,monetary,0.047560566398658986
423,monetary,0.04016379203306302
424,monetary,0.050182522835161676
425,monetary,0.04399740983939788
426,monetary,0.04479821594953091
427,monetary,0.04695120286857708
428,monetary,0.04838783749092182
429,monetary,0.04055758929480172
430,monetary,0.041959355362492026
431,monetary,0.04374914907496382
432,monetary,0.04974127256439088
433,monetary,0.038579070575483286
434,monetary,0.04964582303168577
435,monetary,0.0429855110045044
436,monetary,0.04655092523996616
437,monetary,0.04084168021671641
438,monetary,0.04098199061170473
439,monetary,0.04931858540904761
440,monetary,0.044668441376812265
441,monetary,0.044899184246282045
442,monetary,0.03982488975005486
443,monetary,0.039586412249156946
444,monetary,0.0490207393858364
445,monetary,0.05237033650004375
446,monetary,0.04774950044959828
447,monetary,0.031153113654553043
448,monetary,0.05195337715283916
449,monetary,0.045547346359960245
450,monetary,0.039504299729563055
451,monetary,0.04054893486936591
452,monetary,0.04403533043780503
453,monetary,0.044387611542742955
454,monetary,0.03657985649099226
455,monetary,0.0385372617569528
456,monetary,0.04818824219125725
457,monetary,0.05029482132173458
458,monetary,0.04198803621200395
459,monetary,0.042694981524536026
460,monetary,0.03681649440387484
461,monetary,0.048360536332421405
462,monetary,0.0483861651381806
463,monetary,0.04007218891166272
464,monetary,0.050442030171780436
465,monetary,0.03142023019614435
466,monetary,0.050266683986863556
467,monetary,0.035259366766525226
468,monetary,0.0421001256544842
469,monetary,0.05066441127754412
470,monetary,0.0373203324759858
471,monetary,0.049531099633638095
472,monetary,0.05029565749810518
473,monetary,0.04159862887621095
474,monetary,0.04596434751598337
475,monetary,0.027556635466923135
476,monetary,0.030643338730210763
477,monetary,0.044663633362681254
478,monetary,0.03981565000115963
479,monetary,0.04494471404966175
480,monetary,0.04947854594874527
481,monetary,0.04380216265686049
482,monetary,0.04517549872795006
483,monetary,0.04609704870599914
484,monetary,0.040882067535416865
485,monetary,0.04454364205349875
486,monetary,0.024149342183143695
487,monetary,0.04558367822326325
488,monetary,0.05229859256744543
489,monetary,0.043125277884851834
490,monetary,0.04247774290345159
491,monetary,0.04733747454298028
492,monetary,0.041083669658370896
493,monetary,0.044765186982891815
494,monetary,0.04951617388542271
495,monetary,0.045163499597031816
496,monetary,0.030701996502609047
497,monetary,0.0379114673611884
498,monetary,0.02131420258095403
499,monetary,0.04648658146824773
0,average_order_value,-0.02035585987557814
1,average_order_value,0.0081414769382326
2,average_order_value,-0.01199052389456779
3,average_order_value,0.001445572366709083
4,average_order_value,-0.022241657529330498
5,average_order_value,0.0059658527532152105
6,average_order_value,-0.02207510747795534
7,average_order_value,0.16752454931631755
8,average_order_value,-0.006165267100684365
9,average_order_value,0.03662462626190352
10,average_order_value,0.004756793533735155
11,average_order_value,-0.021093270207057053
12,average_order_value,0.182933130811791
13,average_order_value,0.08207042858451986
14,average_order_value,0.004968962718409608
15,average_order_value,0.03820670160738155
16,average_order_value,-0.007342214065596253
17,average_order_value,0.012191144340462251
18,average_order_value,0.03768329655009841
19,average_order_value,0.031093076563506964
20,average_order_value,-0.008564032183050818
21,average_order_value,0.19499433925625365
22,average_order_value,0.024968444554376756
23,average_order_value,-0.01852640621108469
24,average_order_value,-0.020336122020160087
25,average_order_value,-0.02723223656266486
26,average_order_value,-0.015882384856837715
27,average_order_value,-0.017912318486461947
28,average_order_value,-0.005570610535011574
29,average_order_value,-0.021099101469151112
30,average_order_value,-0.005362443285483621
31,average_order_value,0.019083920686664226
32,average_order_value,-0.006193256143783571
33,average_order_value,-0.003941066595873308
34,average_order_value,-0.022212718526773177
35,average_order_value,-0.019110246323259757
36,average_order_value,0.0029763731726946633
37,average_order_value,0.004879350661934713
38,average_order_value,-0.013004187823158486
39,average_order_value,0.004993394620412753
40,average_order_value,-0.009028892725676098
41,average_order_value,-0.01910045276818441
42,average_order_value,0.12568333075730365
43,average_order_value,0.023954837640547497
44,average_order_value,0.0034444982550593697
45,average_order_value,-0.015511184477144216
46,average_order_value,0.09295246766664307
47,average_order_value,0.0032168484826257376
48,average_order_value,-0.017261052241228928
49,average_order_value,0.00020469461385726323
50,average_order_value,0.0003416543822929473
51,average_order_value,-0.021896996210823912
52,average_order_value,0.003992157466176845
53,average_order_value,-0.01289734897409184
54,average_order_value,-0.016795759861980637
55,average_order_value,-0.011578885559614248
56,average_order_value,-0.0035593635019349947
57,average_order_value,-0.0029940096305717864
58,average_order_value,-0.0040220113177036835
59,average_order_value,-0.018211794029273018
60,average_order_value,0.0860961486825411
61,average_order_value,-0.0174925225851856
62,average_order_value,0.011978906754905745
63,average_order_value,-0.007309871020471259
64,average_order_value,-0.012182079042495799
65,average_order_value,-0.019115568957179228
66,average_order_value,-0.015223954250677916
67,average_order_value,-0.005992796063593931
68,average_order_value,-0.010537467860612644
69,average_order_value,-0.002401886892666002
70,average_order_value,-0.02098573639385286
71,average_order_value,-0.01091810116382496
72,average_order_value,-0.0056781664787699145
73,average_order_value,-0.019264951446247652
74,average_order_value,-0.013759310754631816
75,average_order_value,0.006038062637295302
76,average_order_value,-0.02360291988682694
77,average_order_value,0.03058203395937279
78,average_order_value,0.03309983887531446
79,average_order_value,4.279746702817659
80,average_order_value,-0.011194937514406422
81,average_order_value,-0.013306163306575282
82,average_order_value,-0.005865576247322297
83,average_order_value,-0.003784711811337183
84,average_order_value,-0.0011622341714402672
85,average_order_value,0.0022586218113547457
86,average_order_value,-0.01117173915320914
87,average_order_value,0.007087812173604183
88,average_order_value,-0.008001103745480328
89,average_order_value,-0.017419499670824495
90,average_order_value,-0.009055503139431115
91,average_order_value,-0.015543068218862104
92,average_order_value,0.015078553007437299
93,average_order_value,-0.0003191971565076111
94,average_order_value,-0.017588749839132393
95,average_order_value,-0.012857980024395078
96,average_order_value,-0.009467171310971195
97,average_order_value,0.27544121466777316
98,average_order_value,-0.0018853366332388529
99,average_order_value,-0.007891008087175416
100,average_order_value,-0.01588163181801477
101,average_order_value,-0.021771427840597525
102,average_order_value,0.0067965877961864065
103,average_order_value,-0.005490612076691994
104,average_order_value,-0.00556989214948657
105,average_order_value,-0.009294844160551102
106,average_order_value,-0.01710739058017276
107,average_order_value,-0.01473574986038206
108,average_order_value,-0.013428765291139632
109,average_order_value,-0.018909092674403757
110,average_order_value,-0.016890718634762717
111,average_order_value,-0.016168928982771693
112,average_order_value,-0.014385212592283907
113,average_order_value,0.007155808333528956
114,average_order_value,-0.009773641361546114
115,average_order_value,-0.006234283387710695
116,average_order_value,-0.018851437022898314
117,average_order_value,-0.018720525447498818
118,average_order_value,-0.012733856982827342
119,average_order_value,-0.009983804593943484
120,average_order_value,-0.007846680939890785
121,average_order_value,0.06407310377750536
122,average_order_value,-0.018824186273862474
123,average_order_value,-0.015527743245398002
124,average_order_value,-0.016347953516537606
125,average_order_value,-0.012481523036608882
126,average_order_value,-0.012198642108937318
127,average_order_value,-0.002520245153969648
128,average_order_value,-0.02256820484464007
129,average_order_value,-0.009006799299645075
130,average_order_value,0.017489142599955945
131,average_order_value,-0.009645402542553923
132,average_order_value,0.16725777499343789
133,average_order_value,-0.008289427468282267
134,average_order_value,-0.005637651948046033
135,average_order_value,0.011512147206784831
136,average_order_value,-0.012171864399340671
137,average_order_value,-0.010097404263082527
138,average_order_value,0.011645975580139776
139,average_order_value,-0.022774280381106193
140,average_order_value,-0.019300150868596915
141,average_order_value,-0.013533996090270993
142,average_order_value,-0.005305172082992363
143,average_order_value,-0.022108711382887232
144,average_order_value,-0.005914605674829352
145,average_order_value,0.02345456942083502
146,average_order_value,-0.015655057715238698
147,average_order_value,0.0008014394595521915
148,average_order_value,-0.011209907149852346
149,average_order_value,-0.011195010168432077
150,average_order_value,-0.017200219940450668
151,average_order_value,-0.017298678544833367
152,average_order_value,-0.005195083603415039
153,average_order_value,-0.01697941001942451
154,average_order_value,-0.004731269603349755
155,average_order_value,0.003790585913849179
156,average_order_value,-0.015219801590857484
157,average_order_value,-0.018150470466729466
158,average_order_value,0.0799933494032819
159,average_order_value,-0.011027164450876103
160,average_order_value,-0.007159859433015989
161,average_order_value,-0.013519798137449555
162,average_order_value,0.0006075016470708395
163,average_order_value,0.010505337419085931
164,average_order_value,0.11460085727434909
165,average_order_value,0.06351131211041655
166,average_order_value,-0.02026675397548197
167,average_order_value,-0.005238286980718574
168,average_order_value,-0.010405642779122693
169,average_order_value,-0.010557275965356145
170,average_order_value,-0.012939185470386088
171,average_order_value,-0.005330198281086499
172,average_order_value,-0.019562505800734167
173,average_order_value,-0.020074058643711357
174,average_order_value,-0.017266708337905515
175,average_order_value,-0.0024627805330302557
176,average_order_value,-0.016326928931225886
177,average_order_value,-0.0051145710969235664
178,average_order_value,0.007826421135662258
179,average_order_value,-0.020063468177766046
180,average_order_value,0.01570064949016397
181,average_order_value,-0.017439809252606294
182,average_order_value,-0.01528872532357456
183,average_order_value,-0.020054371063422338
184,average_order_value,-0.013910749975375067
185,average_order_value,-0.010703268210004585
186,average_order_value,0.006437777685501466
187,average_order_value,-0.014241461136175283
188,average_order_value,0.004856743054079745
189,average_order_value,0.03173042258650295
190,average_order_value,-0.016574852698038777
191,average_order_value,-0.005026303513572559
192,average_order_value,-0.012148905629547652
193,average_order_value,-0.017120898766235865
194,average_order_value,-0.012951388025369217
195,average_order_value,-0.02162451838530821
196,average_order_value,-0.006412791422583637
197,average_order_value,-0.012255555735271905
198,average_order_value,-0.013515892495484589
199,average_order_value,-0.010373411396674399
200,average_order_value,-0.0055909541220709605
201,average_order_value,-0.01048373463444908
202,average_order_value,-0.008422846191282965
203,average_order_value,-0.008390229228331745
204,average_order_value,-0.0177919409279347
205,average_order_value,-0.007958733169603166
206,average_order_value,-0.003907895226818633
207,average_order_value,-0.018129245178092456
208,average_order_value,-0.012865048344532816
209,average_order_value,0.0003627629475804343
210,average_order_value,0.00982652163219433
211,average_order_value,-0.007565991885913132
212,average_order_value,-0.022544023901695746
213,average_order_value,-0.010133682620725348
214,average_order_value,-0.0051664221193645395
215,average_order_value,0.16985419448444916
216,average_order_value,-0.007954030136666172
217,average_order_value,-0.009443768935140817
218,average_order_value,0.002108144242488643
219,average_order_value,-0.0036120212082503015
220,average_order_value,-0.013681849491537942
221,average_order_value,-0.0024898639099009178
222,average_order_value,-0.00895364890198846
223,average_order_value,3.919014699337243
224,average_order_value,-0.004735676893418015
225,average_order_value,-0.011337021664417732
226,average_order_value,-0.015549649317377956
227,average_order_value,-0.01660918912895188
228,average_order_value,-0.004581890601674562
229,average_order_value,-0.022259556639672176
230,average_order_value,-0.0161265184061961
231,average_order_value,-0.00860360672450205
232,average_order_value,0.015799481660788293
233,average_order_value,-0.018873317186357746
234,average_order_value,-0.0121746198958619
235,average_order_value,-0.020672122364893533
236,average_order_value,-0.01246254295593036
237,average_order_value,-0.019887334891617363
238,average_order_value,0.018314748529433735
239,average_order_value,0.016667385339413608
240,average_order_value,-0.011011419257924322
241,average_order_value,-0.015460011686686027
242,average_order_value,0.00353042153518258
243,average_order_value,-0.010904263288566494
244,average_order_value,-0.015498586130707048
245,average_order_value,0.05173577470032654
246,average_order_value,-0.008057554567205666
247,average_order_value,-0.003656530182120701
248,average_order_value,-0.013004460614806812
249,average_order_value,-0.010435828879957703
250,average_order_value,-0.018295552999943537
251,average_order_value,-0.007968726786719702
252,average_order_value,-0.010254643302059293
253,average_order_value,-0.006685459074705266
254,average_order_value,-0.010749016166547212
255,average_order_value,-0.013541953159160713
256,average_order_value,-0.015341262072274374
257,average_order_value,-0.01339745108317561
258,average_order_value,-0.008335507557513598
259,average_order_value,-0.01213104685487583
260,average_order_value,-0.021514831564862436
261,average_order_value,-0.003328447851551611
262,average_order_value,-0.019306800165024847
263,average_order_value,0.046333434471107104
264,average_order_value,-0.018697343323899645
265,average_order_value,-0.006000767536933956
266,average_order_value,-0.011843499658300085
267,average_order_value,-0.016140758595224455
268,average_order_value,0.007939552172089942
269,average_order_value,-0.01113848824263363
270,average_order_value,-0.019126385688518724
271,average_order_value,0.01994813502235857
272,average_order_value,-0.005508487108384899
273,average_order_value,0.037623313386517754
274,average_order_value,-0.011854845310946351
275,average_order_value,-0.017353952952575306
276,average_order_value,-0.0020368568943581536
277,average_order_value,-0.013230552192881972
278,average_order_value,-0.01546606425138325
279,average_order_value,-0.009557676140113339
280,average_order_value,0.00288980677297521
281,average_order_value,0.007258208531820809
282,average_order_value,-0.009760223938994957
283,average_order_value,-0.012814343435354569
284,average_order_value,-0.01437162725820679
285,average_order_value,-0.010525637005429835
286,average_order_value,-0.013857724991622852
287,average_order_value,-0.01601074857555664
288,average_order_value,-0.006983747442433817
289,average_order_value,-0.01637869181076101
290,average_order_value,-0.01731731207435705
291,average_order_value,-0.020483400142733862
292,average_order_value,-0.02088389238143161
293,average_order_value,-0.0025060275304269134
294,average_order_value,-0.011604543474082312
295,average_order_value,0.007427788840021279
296,average_order_value,-0.009007318989616821
297,average_order_value,-0.01892467486401265
298,average_order_value,-0.0021829554214669736
299,average_order_value,-0.012864015539614276
300,average_order_value,-0.010552559681176495
301,average_order_value,-0.01683042548067261
302,average_order_value,-0.01823147408675664
303,average_order_value,-0.0028565802980505357
304,average_order_value,-0.014060970269150755
305,average_order_value,-0.021793296039510975
306,average_order_value,-0.010180794262990471
307,average_order_value,-0.010451983260381971
308,average_order_value,0.00997792886600479
309,average_order_value,-0.019170182697647878
310,average_order_value,-0.02255160567342156
311,average_order_value,-0.00917762002575179
312,average_order_value,-0.015140095281112402
313,average_order_value,-0.019045175924802756
314,average_order_value,0.0036335794019446374
315,average_order_value,-0.0020742278002261853
316,average_order_value,-0.017375281849578747
317,average_order_value,-0.015575163861235392
318,average_order_value,-0.018122713916512358
319,average_order_value,-0.0010937123192765292
320,average_order_value,-0.017734962287753443
321,average_order_value,-0.017532256393712
322,average_order_value,-0.00449588760970606
323,average_order_value,-0.009920141843015545
324,average_order_value,-0.01638601998640466
325,average_order_value,-0.020146248264834223
326,average_order_value,-0.011210979523271013
327,average_order_value,-0.016696644426457206
328,average_order_value,-0.007555242845770465
329,average_order_value,-0.011076096452794474
330,average_order_value,-0.021318672670380803
331,average_order_value,-0.008627518617425577
332,average_order_value,-0.009101664601171183
333,average_order_value,-0.008360244800168566
334,average_order_value,-0.012775656619773871
335,average_order_value,-0.00835653421377032
336,average_order_value,-0.012569426133639865
337,average_order_value,-0.017926661968756488
338,average_order_value,-0.017002842202034647
339,average_order_value,-0.02010374391612952
340,average_order_value,-0.009684245265126143
341,average_order_value,-0.000857457702348701
342,average_order_value,-0.0016228940180717942
343,average_order_value,0.008855899617581233
344,average_order_value,-0.009882854634585062
345,average_order_value,-0.013174972444488217
346,average_order_value,-0.005882535606673096
347,average_order_value,-0.015446883588610367
348,average_order_value,-0.011665940194386097
349,average_order_value,-0.017219841758467323
350,average_order_value,0.020716440300246716
351,average_order_value,-0.019487168142954554
352,average_order_value,-0.013844710040083145
353,average_order_value,-0.02003126658506506
354,average_order_value,-0.014685743741348409
355,average_order_value,0.0019367812504045357
356,average_order_value,-0.004476451204762874
357,average_order_value,0.007622083141588506
358,average_order_value,-0.01173110329937983
359,average_order_value,-0.0122781528511404
360,average_order_value,-0.016955733977613605
361,average_order_value,-0.010440616941701748
362,average_order_value,0.003360992347355474
363,average_order_value,-0.016959825852338486
364,average_order_value,-0.019049318947961698
365,average_order_value,-0.013375968740869984
366,average_order_value,-0.014744246183595528
367,average_order_value,-0.01823728640880903
368,average_order_value,-0.008067159106490461
369,average_order_value,-0.015517496843411267
370,average_order_value,-0.016522279414743206
371,average_order_value,-0.018442221134613492
372,average_order_value,0.11878948210383633
373,average_order_value,-0.013936271420211697
374,average_order_value,-0.018208415959361256
375,average_order_value,-0.01932504310650661
376,average_order_value,-0.01140146869133461
377,average_order_value,-0.014280997657884587
378,average_order_value,-0.015688503107955262
379,average_order_value,-0.018589699119489423
380,average_order_value,0.043199939321545845
381,average_order_value,-0.0011176213706203793
382,average_order_value,-0.006312881481384456
383,average_order_value,-0.018854818502705678
384,average_order_value,-0.0010610739351862603
385,average_order_value,-0.011062525068290285
386,average_order_value,-0.011795311633604423
387,average_order_value,-0.014427580545164449
388,average_order_value,-0.015305401336838264
389,average_order_value,-0.015435773012100447
390,average_order_value,0.0021505930710982537
391,average_order_value,-0.01814902694425708
392,average_order_value,0.011230463085609597
393,average_order_value,-0.014317099927592655
394,average_order_value,-0.00780177829794455
395,average_order_value,-0.020014239839682084
396,average_order_value,-0.017890556857468747
397,average_order_value,-0.0203630153283848
398,average_order_value,0.024931707780720416
399,average_order_value,0.010228010609607105
400,average_order_value,-0.014717308008323394
401,average_order_value,-0.005161302904297408
402,average_order_value,-0.008111828738903747
403,average_order_value,-0.01970604210866777
404,average_order_value,-0.0041849929612594395
405,average_order_value,-0.016827919724054466
406,average_order_value,0.0020934204881367267
407,average_order_value,-0.018176703930243426
408,average_order_value,-0.019063219955707613
409,average_order_value,0.008819666893533763
410,average_order_value,-0.013154041368638581
411,average_order_value,-0.014528559953621267
412,average_order_value,-0.01954020751912328
413,average_order_value,0.016412254108737603
414,average_order_value,-0.01446957909268788
415,average_order_value,-0.015001011322581822
416,average_order_value,-0.014504075869882366
417,average_order_value,-0.013936839736145713
418,average_order_value,-0.018191252818154115
419,average_order_value,-0.015382123987929788
420,average_order_value,0.03944401745710626
421,average_order_value,-0.021991410974107305
422,average_order_value,-0.01691797648774773
423,average_order_value,-0.005606564230696893
424,average_order_value,-0.02092756616933325
425,average_order_value,-0.011469069871685252
426,average_order_value,-0.012693691254191097
427,average_order_value,-0.015986115954698617
428,average_order_value,-0.018183069068704354
429,average_order_value,-0.006208773106222762
430,average_order_value,-0.008352403977719892
431,average_order_value,-0.01108942061986737
432,average_order_value,-0.02120309994204027
433,average_order_value,-0.003183151424886013
434,average_order_value,-0.020106825609281696
435,average_order_value,-0.009921637934711824
436,average_order_value,-0.01537399707007342
437,average_order_value,-0.009105699644302663
438,average_order_value,-0.009296426471756847
439,average_order_value,-0.019606402117537242
440,average_order_value,-0.01249523533003436
441,average_order_value,-0.012848095589512786
442,average_order_value,-0.0077235552927872415
443,average_order_value,-0.004723614387718623
444,average_order_value,-0.019150925312223906
445,average_order_value,-0.024273249176806806
446,average_order_value,-0.017206901204649887
447,average_order_value,0.008172887840883061
448,average_order_value,-0.023635620010693678
449,average_order_value,-0.013839288306072674
450,average_order_value,-0.007287770634587394
451,average_order_value,-0.006195538448909477
452,average_order_value,-0.011527059408801929
453,average_order_value,-0.012065780290549563
454,average_order_value,-0.00012588164997401243
455,average_order_value,-0.0031192158823097446
456,average_order_value,-0.017877840788445246
457,average_order_value,-0.02109929703669311
458,average_order_value,-0.008396263759927212
459,average_order_value,-0.009477349849349337
460,average_order_value,-0.0004877568209556887
461,average_order_value,-0.01814131915940205
462,average_order_value,-0.0181805116470013
463,average_order_value,-0.005466481456912289
464,average_order_value,-0.02132441408210415
465,average_order_value,-0.004425589511923113
466,average_order_value,-0.021056268416539282
467,average_order_value,0.0018934585267548565
468,average_order_value,-0.00856767494957419
469,average_order_value,-0.022457941524337163
470,average_order_value,-0.0012582440445423001
471,average_order_value,-0.019931386480452413
472,average_order_value,-0.021100575747544634
473,average_order_value,-0.00780076811637185
474,average_order_value,-0.01606904745736921
475,average_order_value,0.013672751084378824
476,average_order_value,0.008952453911515505
477,average_order_value,-0.012487882742638089
478,average_order_value,-0.005074172967664305
479,average_order_value,-0.01291772139537834
480,average_order_value,-0.019851019503434045
481,average_order_value,-0.011170490887854075
482,average_order_value,-0.013270645590399342
483,average_order_value,-0.014679912819865451
484,average_order_value,-0.006704976852157186
485,average_order_value,-0.0141378530820055
486,average_order_value,0.01888330599771697
487,average_order_value,-0.015551595799451944
488,average_order_value,-0.024163535785745923
489,average_order_value,-0.01220984127587225
490,average_order_value,-0.009145140770123046
491,average_order_value,-0.01657681643256076
492,average_order_value,-0.00701327403845995
493,average_order_value,-0.012643182175555844
494,average_order_value,-0.019908561491752685
495,average_order_value,-0.013252296089679955
496,average_order_value,0.008862752345280996
497,average_order_value,-0.002162228681028156
498,average_order_value,0.02321890301089889
499,average_order_value,-0.016778930890542696
